{
    "accuracy": 0.7627118644067796,
    "balanced_accuracy": 0.34894781144781145,
    "f1_macro": 0.34777232256967405,
    "precision_macro": 0.37715836801071406,
    "recall_macro": 0.34894781144781145,
    "per_class_accuracy": [
        0.9180555555555555,
        0.09848484848484848,
        0.030303030303030304
    ],
    "f1_per_class": [
        0.8651832460732984,
        0.12935323383084577,
        0.04878048780487805
    ],
    "precision_per_class": [
        0.818069306930693,
        0.18840579710144928,
        0.125
    ],
    "recall_per_class": [
        0.9180555555555555,
        0.09848484848484848,
        0.030303030303030304
    ],
    "classification_report": {
        "Normal": {
            "precision": 0.818069306930693,
            "recall": 0.9180555555555555,
            "f1-score": 0.8651832460732984,
            "support": 720.0
        },
        "MAM": {
            "precision": 0.18840579710144928,
            "recall": 0.09848484848484848,
            "f1-score": 0.12935323383084577,
            "support": 132.0
        },
        "SAM": {
            "precision": 0.125,
            "recall": 0.030303030303030304,
            "f1-score": 0.04878048780487805,
            "support": 33.0
        },
        "accuracy": 0.7627118644067796,
        "macro avg": {
            "precision": 0.37715836801071406,
            "recall": 0.34894781144781145,
            "f1-score": 0.34777232256967405,
            "support": 885.0
        },
        "weighted avg": {
            "precision": 0.6983101313078987,
            "recall": 0.7627118644067796,
            "f1-score": 0.7249901922440762,
            "support": 885.0
        }
    },
    "confusion_matrix": [
        [
            661,
            53,
            6
        ],
        [
            118,
            13,
            1
        ],
        [
            29,
            3,
            1
        ]
    ],
    "roc_auc": 0.5582540795229477
}