{
    "accuracy": 0.1016949152542373,
    "balanced_accuracy": 0.3409090909090909,
    "f1_macro": 0.10444936371000557,
    "precision_macro": 0.06435128959881435,
    "recall_macro": 0.3409090909090909,
    "per_class_accuracy": [
        0.0,
        0.5681818181818182,
        0.45454545454545453
    ],
    "f1_per_class": [
        0.0,
        0.24469820554649266,
        0.06864988558352403
    ],
    "precision_per_class": [
        0.0,
        0.15592515592515593,
        0.03712871287128713
    ],
    "recall_per_class": [
        0.0,
        0.5681818181818182,
        0.45454545454545453
    ],
    "classification_report": {
        "Normal": {
            "precision": 0.0,
            "recall": 0.0,
            "f1-score": 0.0,
            "support": 720.0
        },
        "MAM": {
            "precision": 0.15592515592515593,
            "recall": 0.5681818181818182,
            "f1-score": 0.24469820554649266,
            "support": 132.0
        },
        "SAM": {
            "precision": 0.03712871287128713,
            "recall": 0.45454545454545453,
            "f1-score": 0.06864988558352403,
            "support": 33.0
        },
        "accuracy": 0.1016949152542373,
        "macro avg": {
            "precision": 0.06435128959881435,
            "recall": 0.3409090909090909,
            "f1-score": 0.10444936371000557,
            "support": 885.0
        },
        "weighted avg": {
            "precision": 0.024641093906071256,
            "recall": 0.1016949152542373,
            "f1-score": 0.03905718571343878,
            "support": 885.0
        }
    },
    "confusion_matrix": [
        [
            0,
            388,
            332
        ],
        [
            0,
            75,
            57
        ],
        [
            0,
            18,
            15
        ]
    ],
    "roc_auc": 0.4688285146825166
}