{
    "accuracy": 0.7005649717514124,
    "balanced_accuracy": 0.3385942760942761,
    "f1_macro": 0.3339496918207563,
    "precision_macro": 0.32955986808726534,
    "recall_macro": 0.3385942760942761,
    "per_class_accuracy": [
        0.8263888888888888,
        0.1893939393939394,
        0.0
    ],
    "f1_per_class": [
        0.8206896551724138,
        0.18115942028985507,
        0.0
    ],
    "precision_per_class": [
        0.815068493150685,
        0.1736111111111111,
        0.0
    ],
    "recall_per_class": [
        0.8263888888888888,
        0.1893939393939394,
        0.0
    ],
    "classification_report": {
        "Normal": {
            "precision": 0.815068493150685,
            "recall": 0.8263888888888888,
            "f1-score": 0.8206896551724138,
            "support": 720.0
        },
        "MAM": {
            "precision": 0.1736111111111111,
            "recall": 0.1893939393939394,
            "f1-score": 0.18115942028985507,
            "support": 132.0
        },
        "SAM": {
            "precision": 0.0,
            "recall": 0.0,
            "f1-score": 0.0,
            "support": 33.0
        },
        "accuracy": 0.7005649717514124,
        "macro avg": {
            "precision": 0.32955986808726534,
            "recall": 0.3385942760942761,
            "f1-score": 0.3339496918207563,
            "support": 885.0
        },
        "weighted avg": {
            "precision": 0.6890011093052654,
            "recall": 0.7005649717514124,
            "f1-score": 0.694700107573332,
            "support": 885.0
        }
    },
    "confusion_matrix": [
        [
            595,
            114,
            11
        ],
        [
            107,
            25,
            0
        ],
        [
            28,
            5,
            0
        ]
    ],
    "roc_auc": 0.5403496618007823,
    "test_loss": 1.6440774542944772
}