{
    "accuracy": 0.7220338983050848,
    "f1_macro": 0.32972972972972975,
    "precision_macro": 0.3279239766081871,
    "recall_macro": 0.33295454545454545,
    "f1_per_class": [
        0.8391891891891892,
        0.15,
        0.0
    ],
    "precision_per_class": [
        0.8171052631578948,
        0.16666666666666666,
        0.0
    ],
    "recall_per_class": [
        0.8625,
        0.13636363636363635,
        0.0
    ],
    "classification_report": {
        "Normal": {
            "precision": 0.8171052631578948,
            "recall": 0.8625,
            "f1-score": 0.8391891891891892,
            "support": 720.0
        },
        "MAM": {
            "precision": 0.16666666666666666,
            "recall": 0.13636363636363635,
            "f1-score": 0.15,
            "support": 132.0
        },
        "SAM": {
            "precision": 0.0,
            "recall": 0.0,
            "f1-score": 0.0,
            "support": 33.0
        },
        "accuracy": 0.7220338983050848,
        "macro avg": {
            "precision": 0.3279239766081871,
            "recall": 0.33295454545454545,
            "f1-score": 0.32972972972972975,
            "support": 885.0
        },
        "weighted avg": {
            "precision": 0.6896223609872139,
            "recall": 0.7220338983050848,
            "f1-score": 0.7051030691708657,
            "support": 885.0
        }
    },
    "confusion_matrix": [
        [
            621,
            85,
            14
        ],
        [
            111,
            18,
            3
        ],
        [
            28,
            5,
            0
        ]
    ],
    "roc_auc": 0.5698961215569899
}