{
    "accuracy": 0.7536723163841808,
    "balanced_accuracy": 0.33354377104377103,
    "f1_macro": 0.3249861408093767,
    "precision_macro": 0.3245548654244306,
    "recall_macro": 0.33354377104377103,
    "per_class_accuracy": [
        0.9097222222222222,
        0.09090909090909091,
        0.0
    ],
    "f1_per_class": [
        0.8590163934426229,
        0.11594202898550725,
        0.0
    ],
    "precision_per_class": [
        0.8136645962732919,
        0.16,
        0.0
    ],
    "recall_per_class": [
        0.9097222222222222,
        0.09090909090909091,
        0.0
    ],
    "classification_report": {
        "Normal": {
            "precision": 0.8136645962732919,
            "recall": 0.9097222222222222,
            "f1-score": 0.8590163934426229,
            "support": 720.0
        },
        "MAM": {
            "precision": 0.16,
            "recall": 0.09090909090909091,
            "f1-score": 0.11594202898550725,
            "support": 132.0
        },
        "SAM": {
            "precision": 0.0,
            "recall": 0.0,
            "f1-score": 0.0,
            "support": 33.0
        },
        "accuracy": 0.7536723163841808,
        "macro avg": {
            "precision": 0.3245548654244306,
            "recall": 0.33354377104377103,
            "f1-score": 0.3249861408093767,
            "support": 885.0
        },
        "weighted avg": {
            "precision": 0.6858288240867461,
            "recall": 0.7536723163841808,
            "f1-score": 0.7161538430562435,
            "support": 885.0
        }
    },
    "confusion_matrix": [
        [
            655,
            60,
            5
        ],
        [
            120,
            12,
            0
        ],
        [
            30,
            3,
            0
        ]
    ],
    "roc_auc": 0.5753599434638424
}