{
    "accuracy": 0.6338983050847458,
    "f1_macro": 0.33007446730074463,
    "precision_macro": 0.3336026936026936,
    "recall_macro": 0.33261784511784515,
    "f1_per_class": [
        0.7781021897810219,
        0.16666666666666666,
        0.045454545454545456
    ],
    "precision_per_class": [
        0.82,
        0.14444444444444443,
        0.03636363636363636
    ],
    "recall_per_class": [
        0.7402777777777778,
        0.19696969696969696,
        0.06060606060606061
    ],
    "classification_report": {
        "Normal": {
            "precision": 0.82,
            "recall": 0.7402777777777778,
            "f1-score": 0.7781021897810219,
            "support": 720.0
        },
        "MAM": {
            "precision": 0.14444444444444443,
            "recall": 0.19696969696969696,
            "f1-score": 0.16666666666666666,
            "support": 132.0
        },
        "SAM": {
            "precision": 0.03636363636363636,
            "recall": 0.06060606060606061,
            "f1-score": 0.045454545454545456,
            "support": 33.0
        },
        "accuracy": 0.6338983050847458,
        "macro avg": {
            "precision": 0.3336026936026936,
            "recall": 0.33261784511784515,
            "f1-score": 0.33007446730074463,
            "support": 885.0
        },
        "weighted avg": {
            "precision": 0.6900188323917138,
            "recall": 0.6338983050847458,
            "f1-score": 0.6595859623077239,
            "support": 885.0
        }
    },
    "confusion_matrix": [
        [
            533,
            149,
            38
        ],
        [
            91,
            26,
            15
        ],
        [
            26,
            5,
            2
        ]
    ],
    "roc_auc": 0.5162732215571095,
    "best_params": {
        "colsample_bytree": 1.0,
        "learning_rate": 0.01,
        "max_depth": 5,
        "n_estimators": 100,
        "subsample": 1.0
    }
}